Const,Your Rating,Date Rated,Title,Original Title,URL,Title Type,IMDb Rating,Runtime (mins),Year,Genres,Num Votes,Release Date,Directors
tt10243672,8,2024-12-24,"Joy","Joy",https://www.imdb.com/title/tt10243672,Movie,7.1,115,2024,"Drama, Biography, History",5695,"2024-11-22","Ben Taylor"
tt10466872,9,2024-12-20,"Dune: Prophecy","Dune: Prophecy",https://www.imdb.com/title/tt10466872,TV Series,7.3,,2024,"Action, Adventure, Sci-Fi, Drama",24005,"2024-11-17",
tt1226837,8,2024-12-13,"Beautiful Boy","Beautiful Boy",https://www.imdb.com/title/tt1226837,Movie,7.4,120,2018,"Drama, Biography",107977,"2018-10-25","Felix van Groeningen"
tt9140554,6,2024-11-29,"Loki","Loki",https://www.imdb.com/title/tt9140554,TV Series,8.2,50,2021,"Fantasy, Sci-Fi, Action, Adventure",431970,"2021-06-09",
tt22797706,8,2024-11-24,"Project Iceman","Project Iceman",https://www.imdb.com/title/tt22797706,Movie,7.9,113,2022,"Documentary",1472,"2022-11-02","Ammar Kandil"
tt1877830,7,2024-11-22,"The Batman","The Batman",https://www.imdb.com/title/tt1877830,Movie,7.8,176,2022,"Action, Crime, Drama, Thriller, Mystery",847485,"2022-03-04","Matt Reeves"
tt15435876,8,2024-11-22,"The Penguin","The Penguin",https://www.imdb.com/title/tt15435876,TV Mini Series,8.7,,2024,"Crime, Drama",147649,"2024-09-19",
tt14688458,9,2024-11-12,"Silo","Silo",https://www.imdb.com/title/tt14688458,TV Series,8.1,49,2023,"Drama, Sci-Fi, Mystery",152149,"2023-05-05",
tt0338013,8,2024-10-14,"Eternal Sunshine of the Spotless Mind","Eternal Sunshine of the Spotless Mind",https://www.imdb.com/title/tt0338013,Movie,8.3,108,2004,"Drama, Sci-Fi, Romance",1113561,"2004-03-19","Michel Gondry"
tt4481414,7,2024-10-12,"Gifted","Gifted",https://www.imdb.com/title/tt4481414,Movie,7.6,101,2017,"Drama",144605,"2017-04-12","Marc Webb"
tt0383028,7,2024-10-12,"Synecdoche, New York","Synecdoche, New York",https://www.imdb.com/title/tt0383028,Movie,7.5,124,2008,"Drama",100366,"2009-02-05","Charlie Kaufman"
tt0765010,7,2024-10-10,"Brothers","Brothers",https://www.imdb.com/title/tt0765010,Movie,7.1,105,2009,"Drama, War, Thriller",155937,"2009-12-04","Jim Sheridan"
tt2788316,8,2024-09-30,"Shōgun","Shogun",https://www.imdb.com/title/tt2788316,TV Series,8.6,60,2024,"Drama, History, Adventure, War",193183,"2024-02-27",
tt10272386,9,2024-09-22,"The Father","The Father",https://www.imdb.com/title/tt10272386,Movie,8.2,97,2020,"Drama, Mystery",205402,"2021-02-26","Florian Zeller"
tt18412256,7,2024-09-13,"Alien: Romulus","Alien: Romulus",https://www.imdb.com/title/tt18412256,Movie,7.1,119,2024,"Horror, Sci-Fi, Thriller",193313,"2024-08-16","Fede Alvarez"
tt14417718,10,2024-09-13,"The Crowded Room","The Crowded Room",https://www.imdb.com/title/tt14417718,TV Mini Series,7.7,47,2023,"Biography, Crime, Drama, Mystery, Thriller",36551,"2023-06-09",
tt13016388,8,2024-09-09,"3 Body Problem","3 Body Problem",https://www.imdb.com/title/tt13016388,TV Series,7.5,60,2024,"Sci-Fi, Adventure, Drama, Fantasy, Mystery",152449,"2024-03-21",
tt0062622,8,2024-09-08,"2001: A Space Odyssey","2001: A Space Odyssey",https://www.imdb.com/title/tt0062622,Movie,8.3,149,1968,"Adventure, Sci-Fi",741232,"1968-05-12","Stanley Kubrick"
tt0088247,7,2024-09-08,"The Terminator","The Terminator",https://www.imdb.com/title/tt0088247,Movie,8.1,107,1984,"Action, Adventure, Sci-Fi",949744,"1984-10-26","James Cameron"
tt0081505,7,2024-09-08,"The Shining","The Shining",https://www.imdb.com/title/tt0081505,Movie,8.4,146,1980,"Drama, Horror",1145621,"1980-06-13","Stanley Kubrick"
tt17677860,9,2024-09-06,"Presumed Innocent","Presumed Innocent",https://www.imdb.com/title/tt17677860,TV Series,7.7,,2024,"Crime, Drama, Mystery",67471,"2024-06-12",
tt0162222,8,2024-09-05,"Cast Away","Cast Away",https://www.imdb.com/title/tt0162222,Movie,7.8,143,2000,"Romance, Drama, Adventure",654925,"2000-12-22","Robert Zemeckis"
tt6966692,9,2024-09-04,"Green Book","Green Book",https://www.imdb.com/title/tt6966692,Movie,8.2,130,2018,"Drama, Biography, Comedy, Music",611375,"2018-11-16","Peter Farrelly"
tt19231492,7,2024-08-31,"Dark Matter","Dark Matter",https://www.imdb.com/title/tt19231492,TV Series,7.7,,2024,"Sci-Fi, Drama, Thriller",53428,"2024-05-08",
tt4550098,8,2024-08-09,"Nocturnal Animals","Nocturnal Animals",https://www.imdb.com/title/tt4550098,Movie,7.4,116,2016,"Drama, Thriller",323602,"2016-12-09","Tom Ford"
tt1172049,8,2024-08-08,"Demolition","Demolition",https://www.imdb.com/title/tt1172049,Movie,7.0,101,2015,"Drama, Comedy",118404,"2016-04-08","Jean-Marc Vallée"
tt7984766,7,2024-08-07,"The King","The King",https://www.imdb.com/title/tt7984766,Movie,7.3,140,2019,"Drama, Biography, History, Romance, War",159940,"2019-11-01","David Michôd"
tt1700841,7,2024-08-05,"Sausage Party","Sausage Party",https://www.imdb.com/title/tt1700841,Movie,6.1,89,2016,"Animation, Comedy, Adventure, Fantasy",216066,"2016-08-12","Conrad Vernon,Greg Tiernan"
tt6263850,7,2024-08-02,"Deadpool & Wolverine","Deadpool & Wolverine",https://www.imdb.com/title/tt6263850,Movie,7.6,128,2024,"Action, Comedy, Sci-Fi, Adventure",429294,"2024-07-26","Shawn Levy"
tt0110912,8,2024-07-28,"Pulp Fiction","Pulp Fiction",https://www.imdb.com/title/tt0110912,Movie,8.9,154,1994,"Crime, Drama",2288172,"1994-10-14","Quentin Tarantino"
tt5700672,7,2024-07-22,"Train to Busan","Busanhaeng",https://www.imdb.com/title/tt5700672,Movie,7.6,118,2016,"Horror, Thriller, Action",273666,"2016-07-20","Yeon Sang-ho"
tt0119217,9,2024-07-04,"Good Will Hunting","Good Will Hunting",https://www.imdb.com/title/tt0119217,Movie,8.3,126,1997,"Romance, Drama",1110394,"1998-01-09","Gus Van Sant"
tt15398776,9,2024-07-02,"Oppenheimer","Oppenheimer",https://www.imdb.com/title/tt15398776,Movie,8.3,180,2023,"Biography, Drama, History",829379,"2023-07-21","Christopher Nolan"
tt8332922,7,2024-07-01,"A Quiet Place Part II","A Quiet Place Part II",https://www.imdb.com/title/tt8332922,Movie,7.2,97,2020,"Drama, Thriller, Sci-Fi, Horror",295482,"2021-05-28","John Krasinski"
tt5442430,7,2024-07-01,"Life","Life",https://www.imdb.com/title/tt5442430,Movie,6.6,104,2017,"Sci-Fi, Thriller, Horror",262966,"2017-03-24","Daniel Espinosa"
tt0936501,8,2024-07-01,"Taken","Taken",https://www.imdb.com/title/tt0936501,Movie,7.7,90,2008,"Action, Thriller, Crime",647438,"2009-01-30","Pierre Morel"
tt0840361,8,2024-07-01,"The Town","The Town",https://www.imdb.com/title/tt0840361,Movie,7.5,125,2010,"Drama, Thriller, Crime",425083,"2010-09-17","Ben Affleck"
tt0361862,9,2024-07-01,"The Machinist","The Machinist",https://www.imdb.com/title/tt0361862,Movie,7.6,101,2004,"Thriller, Drama",424053,"2004-12-03","Brad Anderson"
tt2316411,8,2024-07-01,"Enemy","Enemy",https://www.imdb.com/title/tt2316411,Movie,6.9,91,2013,"Thriller, Mystery, Drama",222313,"2014-02-06","Denis Villeneuve"
tt2024544,8,2024-07-01,"12 Years a Slave","12 Years a Slave",https://www.imdb.com/title/tt2024544,Movie,8.1,134,2013,"Drama, History, Biography",755426,"2013-11-08","Steve McQueen"
tt0206512,9,2024-06-19,"SpongeBob SquarePants","SpongeBob SquarePants",https://www.imdb.com/title/tt0206512,TV Series,8.2,23,1999,"Animation, Fantasy, Comedy, Family",116184,"1999-05-01",
tt4975722,7,2024-06-16,"Moonlight","Moonlight",https://www.imdb.com/title/tt4975722,Movie,7.4,111,2016,"Drama",338117,"2016-11-18","Barry Jenkins"
tt0338348,4,2024-05-08,"The Polar Express","The Polar Express",https://www.imdb.com/title/tt0338348,Movie,6.6,100,2004,"Animation, Musical, Adventure, Comedy, Family, Fantasy",252693,"2004-11-10","Robert Zemeckis"
tt13649112,7,2024-05-06,"Baby Reindeer","Baby Reindeer",https://www.imdb.com/title/tt13649112,TV Mini Series,7.7,30,2024,"Biography, Drama",158181,"2024-04-11",
tt0369179,8,2024-05-05,"Two and a Half Men","Two and a Half Men",https://www.imdb.com/title/tt0369179,TV Series,7.1,22,2003,"Comedy, Romance",286387,"2003-09-22",
tt0898266,7,2024-05-05,"The Big Bang Theory","The Big Bang Theory",https://www.imdb.com/title/tt0898266,TV Series,8.1,22,2007,"Comedy, Romance",893075,"2007-09-24",
tt2467372,8,2024-05-05,"Brooklyn Nine-Nine","Brooklyn Nine-Nine",https://www.imdb.com/title/tt2467372,TV Series,8.4,22,2013,"Comedy, Crime",383301,"2013-09-17",
tt2245084,8,2024-05-05,"Big Hero 6","Big Hero 6",https://www.imdb.com/title/tt2245084,Movie,7.8,102,2014,"Animation, Action, Family, Sci-Fi, Adventure, Comedy, Crime",519014,"2014-11-07","Don Hall,Chris Williams"
tt0108052,9,2024-05-04,"Schindler's List","Schindler's List",https://www.imdb.com/title/tt0108052,Movie,9.0,195,1993,"Biography, History, Drama",1494254,"1994-02-04","Steven Spielberg"
tt0057012,8,2024-05-04,"Dr. Strangelove or: How I Learned to Stop Worrying and Love the Bomb","Dr. Strangelove or: How I Learned to Stop Worrying and Love the Bomb",https://www.imdb.com/title/tt0057012,Movie,8.3,95,1964,"War, Comedy",531562,"1964-01-29","Stanley Kubrick"
tt0068646,8,2024-04-25,"The Godfather","The Godfather",https://www.imdb.com/title/tt0068646,Movie,9.2,175,1972,"Crime, Drama",2080121,"1972-03-24","Francis Ford Coppola"
tt9660502,8,2024-04-23,"Close","Close",https://www.imdb.com/title/tt9660502,Movie,7.8,104,2022,"Drama",40376,"2022-11-01","Lukas Dhont"
tt9421570,7,2024-04-18,"The Guilty","The Guilty",https://www.imdb.com/title/tt9421570,Movie,6.3,90,2021,"Drama, Thriller, Crime",157222,"2021-10-01","Antoine Fuqua"
tt3464902,7,2024-04-16,"The Lobster","The Lobster",https://www.imdb.com/title/tt3464902,Movie,7.1,119,2015,"Romance, Sci-Fi, Drama, Thriller",311530,"2015-10-16","Yorgos Lanthimos"
tt19770238,9,2024-04-15,"Aftersun","Aftersun",https://www.imdb.com/title/tt19770238,Movie,7.6,102,2022,"Drama",106885,"2022-11-18","Charlotte Wells"
tt15239678,9,2024-03-08,"Dune: Part Two","Dune: Part Two",https://www.imdb.com/title/tt15239678,Movie,8.5,166,2024,"Adventure, Drama, Sci-Fi, Action",566463,"2024-03-01","Denis Villeneuve"
tt5083738,6,2024-02-22,"The Favourite","The Favourite",https://www.imdb.com/title/tt5083738,Movie,7.5,119,2018,"Biography, Drama, History, Comedy",243391,"2018-12-21","Yorgos Lanthimos"
tt2267968,8,2024-02-13,"Kung Fu Panda 3","Kung Fu Panda 3",https://www.imdb.com/title/tt2267968,Movie,7.1,95,2016,"Animation, Comedy, Action, Adventure, Family, Fantasy",198898,"2016-01-29","Alessandro Carloni,Jennifer Yuh Nelson"
tt1302011,8,2024-02-13,"Kung Fu Panda 2","Kung Fu Panda 2",https://www.imdb.com/title/tt1302011,Movie,7.3,90,2011,"Animation, Comedy, Action, Family, Adventure, Fantasy, Drama",332009,"2011-05-26","Jennifer Yuh Nelson"
tt0441773,9,2024-02-13,"Kung Fu Panda","Kung Fu Panda",https://www.imdb.com/title/tt0441773,Movie,7.6,92,2008,"Animation, Comedy, Action, Adventure, Family, Fantasy",540162,"2008-06-06","Mark Osborne,John Stevenson"
tt1860353,8,2024-02-13,"Turbo","Turbo",https://www.imdb.com/title/tt1860353,Movie,6.4,96,2013,"Animation, Family, Adventure, Comedy, Sport",115283,"2013-07-17","David Soren"
tt1379182,8,2024-01-27,"Dogtooth","Kynodontas",https://www.imdb.com/title/tt1379182,Movie,7.1,97,2009,"Drama, Thriller",115168,"2009-11-11","Yorgos Lanthimos"
tt15320362,6,2024-01-16,"All the Light We Cannot See","All the Light We Cannot See",https://www.imdb.com/title/tt15320362,TV Mini Series,7.5,60,2023,"Drama, History, War",48894,"2023-11-02",
tt1745960,8,2023-12-30,"Top Gun: Maverick","Top Gun: Maverick",https://www.imdb.com/title/tt1745960,Movie,8.2,130,2022,"Action, Drama",747381,"2022-05-27","Joseph Kosinski"
tt0118799,9,2023-12-28,"Life Is Beautiful","La vita è bella",https://www.imdb.com/title/tt0118799,Movie,8.6,116,1997,"Comedy, War, Romance, Drama",764170,"1997-12-20","Roberto Benigni"
tt0120812,8,2023-12-27,"Rush Hour","Rush Hour",https://www.imdb.com/title/tt0120812,Movie,7.0,98,1998,"Thriller, Crime, Comedy, Action",304596,"1998-09-18","Brett Ratner"
tt0126029,7,2023-12-27,"Shrek","Shrek",https://www.imdb.com/title/tt0126029,Movie,7.9,90,2001,"Animation, Fantasy, Comedy, Family, Adventure, Romance",757784,"2001-05-18","Andrew Adamson,Vicky Jenson"
tt3110958,7,2023-12-27,"Now You See Me 2","Now You See Me 2",https://www.imdb.com/title/tt3110958,Movie,6.4,129,2016,"Comedy, Thriller, Action, Adventure, Mystery, Crime",331133,"2016-06-10","Jon M. Chu"
tt0104431,7,2023-12-27,"Home Alone 2: Lost in New York","Home Alone 2: Lost in New York",https://www.imdb.com/title/tt0104431,Movie,6.9,120,1992,"Adventure, Crime, Comedy, Family",419638,"1992-11-20","Chris Columbus"
tt0099785,8,2023-12-27,"Home Alone","Home Alone",https://www.imdb.com/title/tt0099785,Movie,7.7,103,1990,"Comedy, Family",680873,"1990-11-16","Chris Columbus"
tt10545296,6,2023-11-25,"The Hunger Games: The Ballad of Songbirds & Snakes","The Hunger Games: The Ballad of Songbirds & Snakes",https://www.imdb.com/title/tt10545296,Movie,6.7,157,2023,"Action, Adventure, Sci-Fi, Drama, Thriller, War",148721,"2023-11-17","Francis Lawrence"
tt0167404,8,2023-10-17,"The Sixth Sense","The Sixth Sense",https://www.imdb.com/title/tt0167404,Movie,8.2,107,1999,"Mystery, Drama, Thriller",1081929,"1999-08-06","M. Night Shyamalan"
tt0434409,8,2023-10-17,"V for Vendetta","V for Vendetta",https://www.imdb.com/title/tt0434409,Movie,8.1,132,2005,"Thriller, Action, Drama, Sci-Fi",1201817,"2006-03-17","James McTeigue"
tt2084970,8,2023-10-17,"The Imitation Game","The Imitation Game",https://www.imdb.com/title/tt2084970,Movie,8.0,114,2014,"Drama, Biography, Thriller, War",842357,"2014-12-25","Morten Tyldum"
tt2543164,8,2023-10-17,"Arrival","Arrival",https://www.imdb.com/title/tt2543164,Movie,7.9,116,2016,"Sci-Fi, Drama, Mystery",798737,"2016-11-11","Denis Villeneuve"
tt0470752,8,2023-10-17,"Ex Machina","Ex Machina",https://www.imdb.com/title/tt0470752,Movie,7.7,108,2014,"Drama, Sci-Fi, Thriller",608547,"2015-04-24","Alex Garland"
tt0390384,8,2023-10-17,"Primer","Primer",https://www.imdb.com/title/tt0390384,Movie,6.7,77,2004,"Drama, Thriller, Sci-Fi",116467,"2005-05-25","Shane Carruth"
tt1355644,8,2023-10-17,"Passengers","Passengers",https://www.imdb.com/title/tt1355644,Movie,7.0,116,2016,"Sci-Fi, Drama, Thriller, Romance",465436,"2016-12-21","Morten Tyldum"
tt1219289,8,2023-10-17,"Limitless","Limitless",https://www.imdb.com/title/tt1219289,Movie,7.4,105,2011,"Thriller, Sci-Fi",623009,"2011-03-18","Neil Burger"
tt1670345,7,2023-10-17,"Now You See Me","Now You See Me",https://www.imdb.com/title/tt1670345,Movie,7.2,115,2013,"Thriller, Crime, Mystery",725588,"2013-05-31","Louis Leterrier"
tt0120338,8,2023-10-16,"Titanic","Titanic",https://www.imdb.com/title/tt0120338,Movie,7.9,194,1997,"Romance, Drama",1318198,"1997-12-19","James Cameron"
tt2562232,8,2023-10-16,"Birdman or (The Unexpected Virtue of Ignorance)","Birdman or (The Unexpected Virtue of Ignorance)",https://www.imdb.com/title/tt2562232,Movie,7.7,119,2014,"Comedy, Drama",676715,"2014-11-14","Alejandro G. Iñárritu"
tt0114814,8,2023-10-16,"The Usual Suspects","The Usual Suspects",https://www.imdb.com/title/tt0114814,Movie,8.5,106,1995,"Drama, Crime, Mystery, Thriller",1172018,"1995-08-16","Bryan Singer"
tt0120689,9,2023-10-16,"The Green Mile","The Green Mile",https://www.imdb.com/title/tt0120689,Movie,8.6,189,1999,"Crime, Fantasy, Mystery, Drama",1454866,"1999-12-10","Frank Darabont"
tt0209144,9,2023-10-16,"Memento","Memento",https://www.imdb.com/title/tt0209144,Movie,8.4,113,2000,"Thriller, Mystery",1356283,"2001-05-25","Christopher Nolan"
tt0482571,9,2023-10-16,"The Prestige","The Prestige",https://www.imdb.com/title/tt0482571,Movie,8.5,130,2006,"Drama, Thriller, Mystery, Sci-Fi",1485170,"2006-10-20","Christopher Nolan"
tt2582802,8,2023-10-16,"Whiplash","Whiplash",https://www.imdb.com/title/tt2582802,Movie,8.5,106,2014,"Drama, Music",1039995,"2014-10-15","Damien Chazelle"
tt1895587,8,2023-10-16,"Spotlight","Spotlight",https://www.imdb.com/title/tt1895587,Movie,8.1,129,2015,"Drama, Crime, Biography",512153,"2015-11-20","Tom McCarthy"
tt0325980,8,2023-10-16,"Pirates of the Caribbean: The Curse of the Black Pearl","Pirates of the Caribbean: The Curse of the Black Pearl",https://www.imdb.com/title/tt0325980,Movie,8.1,143,2003,"Fantasy, Action, Adventure",1244087,"2003-07-09","Gore Verbinski"
tt1979320,8,2023-10-16,"Rush","Rush",https://www.imdb.com/title/tt1979320,Movie,8.1,123,2013,"Biography, Sport, Drama",526353,"2013-09-27","Ron Howard"
tt2119532,9,2023-10-16,"Hacksaw Ridge","Hacksaw Ridge",https://www.imdb.com/title/tt2119532,Movie,8.1,139,2016,"Drama, War, History, Biography",620635,"2016-11-04","Mel Gibson"
tt3890160,8,2023-10-16,"Baby Driver","Baby Driver",https://www.imdb.com/title/tt3890160,Movie,7.5,113,2017,"Action, Music, Crime, Drama",635545,"2017-06-28","Edgar Wright"
tt1392214,9,2023-10-16,"Prisoners","Prisoners",https://www.imdb.com/title/tt1392214,Movie,8.2,153,2013,"Crime, Drama, Thriller, Mystery",846668,"2013-09-20","Denis Villeneuve"
tt2872718,9,2023-10-16,"Nightcrawler","Nightcrawler",https://www.imdb.com/title/tt2872718,Movie,7.8,117,2014,"Crime, Thriller, Drama",624483,"2014-10-31","Dan Gilroy"
tt0945513,9,2023-10-16,"Source Code","Source Code",https://www.imdb.com/title/tt0945513,Movie,7.5,93,2011,"Sci-Fi, Thriller, Action, Drama, Mystery",561426,"2011-04-01","Duncan Jones"
tt0485947,9,2023-10-16,"Mr. Nobody","Mr. Nobody",https://www.imdb.com/title/tt0485947,Movie,7.7,141,2009,"Drama, Sci-Fi, Fantasy, Romance",249755,"2013-09-26","Jaco Van Dormael"
tt2397535,7,2023-10-16,"Predestination","Predestination",https://www.imdb.com/title/tt2397535,Movie,7.4,97,2014,"Sci-Fi, Thriller, Drama, Action",316657,"2015-01-09","Michael Spierig,Peter Spierig"
tt4857264,8,2023-10-16,"The Invisible Guest","Contratiempo",https://www.imdb.com/title/tt4857264,Movie,8.0,106,2016,"Thriller, Crime, Mystery, Drama",198634,"2017-01-06","Oriol Paulo"
tt1258197,7,2023-10-16,"Exam","Exam",https://www.imdb.com/title/tt1258197,Movie,6.7,101,2009,"Thriller, Mystery, Crime",128941,"2010-06-17","Stuart Hazeldine"
tt0123755,7,2023-10-16,"Cube","Cube",https://www.imdb.com/title/tt0123755,Movie,7.1,90,1997,"Horror, Mystery, Sci-Fi",252856,"1997-12-10","Vincenzo Natali"
tt0481369,7,2023-10-16,"The Number 23","The Number 23",https://www.imdb.com/title/tt0481369,Movie,6.4,98,2007,"Mystery, Thriller, Crime",215564,"2007-02-23","Joel Schumacher"
tt0110475,7,2023-10-16,"The Mask","The Mask",https://www.imdb.com/title/tt0110475,Movie,7.0,101,1994,"Crime, Comedy, Fantasy",436722,"1994-07-29","Chuck Russell"
tt0112442,7,2023-10-16,"Bad Boys","Bad Boys",https://www.imdb.com/title/tt0112442,Movie,6.8,119,1995,"Crime, Thriller, Comedy, Action",300977,"1995-04-07","Michael Bay"
tt0472181,6,2023-10-16,"The Smurfs","The Smurfs",https://www.imdb.com/title/tt0472181,Movie,5.4,103,2011,"Animation, Family, Fantasy, Comedy, Adventure",98999,"2011-07-29","Raja Gosnell"
tt1119646,8,2023-10-16,"The Hangover","The Hangover",https://www.imdb.com/title/tt1119646,Movie,7.7,100,2009,"Comedy",870870,"2009-06-05","Todd Phillips"
tt2096673,8,2023-10-16,"Inside Out","Inside Out",https://www.imdb.com/title/tt2096673,Movie,8.1,95,2015,"Animation, Comedy, Family, Adventure, Drama, Fantasy",846044,"2015-06-19","Pete Docter,Ronnie Del Carmen"
tt0382932,8,2023-10-16,"Ratatouille","Ratatouille",https://www.imdb.com/title/tt0382932,Movie,8.1,111,2007,"Animation, Comedy, Family, Fantasy, Adventure",862493,"2007-06-27","Brad Bird,Jan Pinkava"
tt0114709,7,2023-10-16,"Toy Story","Toy Story",https://www.imdb.com/title/tt0114709,Movie,8.3,81,1995,"Animation, Adventure, Comedy, Family, Fantasy",1102482,"1995-11-22","John Lasseter"
tt0266543,8,2023-10-16,"Finding Nemo","Finding Nemo",https://www.imdb.com/title/tt0266543,Movie,8.2,100,2003,"Animation, Family, Comedy, Adventure",1141555,"2003-05-30","Andrew Stanton,Lee Unkrich"
tt0198781,8,2023-10-16,"Monsters, Inc.","Monsters, Inc.",https://www.imdb.com/title/tt0198781,Movie,8.1,92,2001,"Animation, Adventure, Comedy, Family, Fantasy",1009482,"2001-11-23","Pete Docter,David Silverman,Lee Unkrich"
tt1049413,9,2023-10-16,"Up","Up",https://www.imdb.com/title/tt1049413,Movie,8.3,96,2009,"Animation, Family, Adventure, Comedy, Drama",1159756,"2009-07-23","Pete Docter,Bob Peterson"
tt0910970,9,2023-10-16,"WALL·E","WALL·E",https://www.imdb.com/title/tt0910970,Movie,8.4,98,2008,"Animation, Sci-Fi, Adventure, Family",1237788,"2008-06-27","Andrew Stanton"
tt10919420,9,2023-10-16,"Squid Game","Ojing-eo geim",https://www.imdb.com/title/tt10919420,TV Series,8.0,60,2021,"Mystery, Thriller, Drama, Action",584753,"2021-09-17",
tt0114369,9,2023-10-16,"Se7en","Se7en",https://www.imdb.com/title/tt0114369,Movie,8.6,127,1995,"Mystery, Drama, Crime, Thriller",1864469,"1995-09-22","David Fincher"
tt2249364,9,2023-10-16,"Broadchurch","Broadchurch",https://www.imdb.com/title/tt2249364,TV Series,8.4,48,2013,"Drama, Crime, Mystery",131749,"2013-08-07",
tt1392170,9,2023-10-16,"The Hunger Games","The Hunger Games",https://www.imdb.com/title/tt1392170,Movie,7.2,142,2012,"Adventure, Sci-Fi, Thriller, Action",1026680,"2012-03-23","Gary Ross"
tt1542344,9,2023-10-16,"127 Hours","127 Hours",https://www.imdb.com/title/tt1542344,Movie,7.5,94,2010,"Drama, Biography",409172,"2011-01-28","Danny Boyle"
tt0096657,9,2023-10-16,"Mr. Bean","Mr. Bean",https://www.imdb.com/title/tt0096657,TV Series,8.6,25,1990,"Family, Comedy",139297,"1992-04-02",
tt1196946,8,2023-10-16,"The Mentalist","The Mentalist",https://www.imdb.com/title/tt1196946,TV Series,8.2,43,2008,"Drama, Crime, Mystery, Thriller",207869,"2008-09-23",
tt6048596,6,2023-10-16,"The Sinner","The Sinner",https://www.imdb.com/title/tt6048596,TV Series,7.8,45,2017,"Thriller, Drama, Mystery, Crime",143608,"2017-08-02",
tt4635282,7,2023-10-16,"The OA","The OA",https://www.imdb.com/title/tt4635282,TV Series,7.8,60,2016,"Drama, Mystery, Fantasy, Sci-Fi",120096,"2016-12-16",
tt0109686,8,2023-10-16,"Dumb and Dumber","Dumb and Dumber",https://www.imdb.com/title/tt0109686,Movie,7.3,107,1994,"Comedy",422691,"1994-12-16","Peter Farrelly,Bobby Farrelly"
tt0284837,7,2023-10-16,"Ali G Indahouse","Ali G Indahouse",https://www.imdb.com/title/tt0284837,Movie,6.2,87,2002,"Comedy",97263,"2002-03-22","Mark Mylod"
tt1645170,8,2023-10-16,"The Dictator","The Dictator",https://www.imdb.com/title/tt1645170,Movie,6.5,83,2012,"Comedy",345557,"2012-05-16","Larry Charles"
tt8679236,9,2023-10-16,"Who Is America?","Who Is America?",https://www.imdb.com/title/tt8679236,TV Series,8.3,30,2018,"Comedy",20791,"2018-07-15",
tt5952634,9,2023-10-16,"The Spy","The Spy",https://www.imdb.com/title/tt5952634,TV Mini Series,7.9,53,2019,"History, Drama, Biography",51776,"2019-09-06",
tt3107288,5,2023-10-16,"The Flash","The Flash",https://www.imdb.com/title/tt3107288,TV Series,7.5,43,2014,"Action, Adventure, Drama, Sci-Fi",373368,"2014-10-07",
tt2741602,7,2023-10-16,"The Blacklist","The Blacklist",https://www.imdb.com/title/tt2741602,TV Series,7.9,43,2013,"Crime, Mystery, Drama, Thriller",285697,"2013-09-23",
tt1454468,8,2023-10-16,"Gravity","Gravity",https://www.imdb.com/title/tt1454468,Movie,7.7,91,2013,"Sci-Fi, Thriller, Drama",874939,"2013-10-04","Alfonso Cuarón"
tt2866360,8,2023-10-16,"Coherence","Coherence",https://www.imdb.com/title/tt2866360,Movie,7.2,89,2013,"Sci-Fi, Thriller, Mystery, Horror",154485,"2014-08-06","James Ward Byrkit"
tt6857112,7,2023-10-16,"Us","Us",https://www.imdb.com/title/tt6857112,Movie,6.8,116,2019,"Thriller, Horror, Mystery",357016,"2019-03-22","Jordan Peele"
tt2980516,8,2023-10-16,"The Theory of Everything","The Theory of Everything",https://www.imdb.com/title/tt2980516,Movie,7.7,123,2014,"Drama, Biography, Romance",490266,"2014-11-26","James Marsh"
tt9764362,7,2023-10-16,"The Menu","The Menu",https://www.imdb.com/title/tt9764362,Movie,7.2,107,2022,"Horror, Thriller, Comedy",428560,"2022-11-18","Mark Mylod"
tt11564570,6,2023-10-16,"Glass Onion","Glass Onion",https://www.imdb.com/title/tt11564570,Movie,7.1,139,2022,"Crime, Thriller, Drama, Mystery, Comedy",463950,"2022-12-23","Rian Johnson"
tt2382320,7,2023-10-16,"No Time to Die","No Time to Die",https://www.imdb.com/title/tt2382320,Movie,7.3,163,2021,"Action, Thriller, Adventure",458368,"2021-10-08","Cary Joji Fukunaga"
tt13229894,6,2023-10-16,"God's Crooked Lines","Los renglones torcidos de Dios",https://www.imdb.com/title/tt13229894,Movie,7.1,154,2022,"Mystery, Drama, Thriller",25081,"2022-12-09","Oriol Paulo"
tt6723592,9,2023-10-16,"Tenet","Tenet",https://www.imdb.com/title/tt6723592,Movie,7.3,150,2020,"Action, Sci-Fi, Thriller",615455,"2020-09-03","Christopher Nolan"
tt0120382,8,2023-10-16,"The Truman Show","The Truman Show",https://www.imdb.com/title/tt0120382,Movie,8.2,103,1998,"Comedy, Drama",1246480,"1998-06-05","Peter Weir"
tt0372784,9,2023-10-16,"Batman Begins","Batman Begins",https://www.imdb.com/title/tt0372784,Movie,8.2,140,2005,"Action, Drama",1620015,"2005-06-15","Christopher Nolan"
tt1345836,9,2023-10-16,"The Dark Knight Rises","The Dark Knight Rises",https://www.imdb.com/title/tt1345836,Movie,8.4,164,2012,"Action, Drama, Thriller",1881310,"2012-07-20","Christopher Nolan"
tt0499549,8,2023-10-16,"Avatar","Avatar",https://www.imdb.com/title/tt0499549,Movie,7.9,162,2009,"Sci-Fi, Action, Adventure, Fantasy",1413514,"2009-12-18","James Cameron"
tt8009428,7,2023-10-16,"Hustle","Hustle",https://www.imdb.com/title/tt8009428,Movie,7.3,117,2022,"Sport, Comedy, Drama",150710,"2022-06-08","Jeremiah Zagar"
tt1677720,7,2023-10-16,"Ready Player One","Ready Player One",https://www.imdb.com/title/tt1677720,Movie,7.4,140,2018,"Sci-Fi, Action, Adventure",504996,"2018-03-29","Steven Spielberg"
tt13143964,8,2023-10-16,"Borat Subsequent Moviefilm","Borat Subsequent Moviefilm: Delivery of Prodigious Bribe to American Regime for Make Benefit Once Glorious Nation of Kazakhstan",https://www.imdb.com/title/tt13143964,Movie,6.6,95,2020,"Comedy",157785,"2020-10-23","Jason Woliner"
tt0889583,8,2023-10-16,"Brüno","Brüno",https://www.imdb.com/title/tt0889583,Movie,5.9,81,2009,"Comedy",155507,"2009-07-10","Larry Charles"
tt0443453,9,2023-10-16,"Borat","Borat: Cultural Learnings of America for Make Benefit Glorious Nation of Kazakhstan",https://www.imdb.com/title/tt0443453,Movie,7.4,84,2006,"Comedy",454152,"2006-11-03","Larry Charles"
tt10322274,8,2023-10-16,"Schumacher","Schumacher",https://www.imdb.com/title/tt10322274,Movie,7.4,112,2021,"Documentary, Sport, Biography",26214,"2021-09-15","Hanns-Bruno Kammertöns,Vanessa Nöcker,Michael Wech"
tt4922804,7,2023-10-16,"3%","3%",https://www.imdb.com/title/tt4922804,TV Series,7.3,49,2016,"Sci-Fi, Thriller, Action, Drama",28790,"2016-11-25",
tt13640670,8,2023-10-16,"Man vs. Bee","Man vs Bee",https://www.imdb.com/title/tt13640670,TV Series,6.7,12,2022,"Short, Comedy, Family",34982,"2022-06-24",
tt8398600,9,2023-10-16,"After Life","After Life",https://www.imdb.com/title/tt8398600,TV Series,8.4,30,2019,"Comedy, Drama",158226,"2019-03-08",
tt5071412,9,2023-10-16,"Ozark","Ozark",https://www.imdb.com/title/tt5071412,TV Series,8.5,60,2017,"Drama, Crime, Thriller",361170,"2017-07-21",
tt2935510,5,2023-10-16,"Ad Astra","Ad Astra",https://www.imdb.com/title/tt2935510,Movie,6.5,123,2019,"Sci-Fi, Thriller, Adventure, Drama, Mystery",266574,"2019-09-20","James Gray"
tt0246578,9,2023-10-16,"Donnie Darko","Donnie Darko",https://www.imdb.com/title/tt0246578,Movie,8.0,113,2001,"Sci-Fi, Thriller, Mystery, Drama",870005,"2001-01-19","Richard Kelly"
tt9495224,7,2023-10-16,"Black Mirror: Bandersnatch","Black Mirror: Bandersnatch",https://www.imdb.com/title/tt9495224,Movie,7.1,90,2018,"Drama, Thriller, Mystery, Sci-Fi, Fantasy",138295,"2018-12-28","David Slade"
tt1830379,8,2023-10-16,"Top Boy","Top Boy",https://www.imdb.com/title/tt1830379,TV Series,8.4,60,2011,"Thriller, Crime, Drama",42693,"2011-10-31",
tt0475784,10,2023-10-16,"Westworld","Westworld",https://www.imdb.com/title/tt0475784,TV Series,8.5,60,2016,"Sci-Fi, Drama, Mystery",543141,"2016-10-02",
tt2100976,8,2023-10-16,"Impractical Jokers","Impractical Jokers",https://www.imdb.com/title/tt2100976,TV Series,8.6,30,2011,"Reality-TV, Comedy",47993,"2011-12-15",
tt0773262,8,2023-10-16,"Dexter","Dexter",https://www.imdb.com/title/tt0773262,TV Series,8.6,60,2006,"Crime, Drama, Mystery, Thriller",811446,"2006-10-01",
tt2085059,9,2023-10-16,"Black Mirror","Black Mirror",https://www.imdb.com/title/tt2085059,TV Series,8.7,60,2011,"Drama, Thriller, Sci-Fi, Mystery, Crime",665147,"2011-12-04",
tt0108778,8,2023-10-16,"Friends","Friends",https://www.imdb.com/title/tt0108778,TV Series,8.9,22,1994,"Romance, Comedy",1122921,"1994-09-22",
tt7137906,10,2023-10-16,"When They See Us","When They See Us",https://www.imdb.com/title/tt7137906,TV Mini Series,8.8,75,2019,"Drama, Biography, History, Crime",144734,"2019-05-31",
tt2297757,8,2023-10-16,"Nathan for You","Nathan for You",https://www.imdb.com/title/tt2297757,TV Series,8.9,30,2013,"Documentary, Comedy",42151,"2013-02-28",
tt0877057,8,2023-10-16,"Death Note","Death Note: Desu nôto",https://www.imdb.com/title/tt0877057,TV Series,8.9,24,2006,"Animation, Mystery, Crime, Thriller, Fantasy, Drama",405939,"2007-10-21",
tt11126994,7,2023-10-16,"Arcane","Arcane",https://www.imdb.com/title/tt11126994,TV Series,9.1,40,2021,"Animation, Action, Adventure, Drama, Fantasy, Sci-Fi",356713,"2021-11-06",
tt9561862,8,2023-10-16,"Love, Death & Robots","Love, Death & Robots",https://www.imdb.com/title/tt9561862,TV Series,8.4,15,2019,"Animation, Short, Comedy, Fantasy, Horror, Sci-Fi, Action, Adventure, Drama, Mystery, Thriller",207474,"2019-03-15",
tt4574334,7,2023-10-16,"Stranger Things","Stranger Things",https://www.imdb.com/title/tt4574334,TV Series,8.7,60,2016,"Drama, Horror, Thriller, Sci-Fi, Mystery, Fantasy",1403193,"2016-07-15",
tt5753856,10,2023-10-16,"Dark","Dark",https://www.imdb.com/title/tt5753856,TV Series,8.7,60,2017,"Mystery, Crime, Drama, Thriller, Sci-Fi",472406,"2017-12-01",
tt1475582,9,2023-10-16,"Sherlock","Sherlock",https://www.imdb.com/title/tt1475582,TV Series,9.1,90,2010,"Crime, Mystery, Drama, Thriller",1029516,"2010-10-24",
tt10048342,9,2023-10-16,"The Queen's Gambit","The Queen's Gambit",https://www.imdb.com/title/tt10048342,TV Mini Series,8.5,60,2020,"Drama",592467,"2020-10-23",
tt9184994,8,2023-10-16,"How to Sell Drugs Online (Fast)","How to Sell Drugs Online (Fast)",https://www.imdb.com/title/tt9184994,TV Series,7.8,30,2019,"Comedy, Crime, Drama, Romance",41474,"2019-05-31",
tt1837492,6,2023-10-16,"13 Reasons Why","13 Reasons Why",https://www.imdb.com/title/tt1837492,TV Series,7.5,60,2017,"Drama, Mystery, Thriller",323833,"2017-03-31",
tt6468322,8,2023-10-16,"Money Heist","La casa de papel",https://www.imdb.com/title/tt6468322,TV Series,8.2,60,2017,"Thriller, Crime, Mystery, Action, Drama",555430,"2017-05-02",
tt11280740,10,2023-10-16,"Severance","Severance",https://www.imdb.com/title/tt11280740,TV Series,8.7,50,2022,"Drama, Thriller, Mystery, Sci-Fi",234630,"2022-02-18",
tt0455275,7,2023-10-16,"Prison Break","Prison Break",https://www.imdb.com/title/tt0455275,TV Series,8.3,44,2005,"Mystery, Thriller, Crime, Drama, Action",608815,"2005-08-29",
tt3749900,7,2023-10-16,"Gotham","Gotham",https://www.imdb.com/title/tt3749900,TV Series,7.8,42,2014,"Crime, Drama, Thriller, Mystery, Action, Sci-Fi",245041,"2014-09-22",
tt4230076,8,2023-10-16,"The Defenders","The Defenders",https://www.imdb.com/title/tt4230076,TV Mini Series,7.2,50,2017,"Action, Adventure, Crime, Sci-Fi, Fantasy",118979,"2017-08-18",
tt2357547,8,2023-10-16,"Jessica Jones","Jessica Jones",https://www.imdb.com/title/tt2357547,TV Series,7.8,56,2015,"Action, Crime, Drama, Sci-Fi, Thriller",230709,"2015-11-20",
tt3322314,6,2023-10-16,"Luke Cage","Luke Cage",https://www.imdb.com/title/tt3322314,TV Series,7.2,55,2016,"Action, Sci-Fi, Crime, Thriller, Drama",142329,"2016-09-30",
tt3322312,9,2023-10-16,"Daredevil","Daredevil",https://www.imdb.com/title/tt3322312,TV Series,8.6,60,2015,"Action, Crime, Drama, Thriller, Sci-Fi, Fantasy",488259,"2015-04-10",
tt5675620,7,2023-10-16,"The Punisher","The Punisher",https://www.imdb.com/title/tt5675620,TV Series,8.4,60,2017,"Action, Crime, Thriller, Drama",275192,"2017-11-17",
tt3322310,7,2023-10-16,"Iron Fist","Iron Fist",https://www.imdb.com/title/tt3322310,TV Series,6.4,55,2017,"Action, Sci-Fi, Adventure, Crime, Fantasy",142456,"2017-03-17",
tt4154796,8,2023-10-16,"Avengers: Endgame","Avengers: Endgame",https://www.imdb.com/title/tt4154796,Movie,8.4,181,2019,"Action, Sci-Fi, Adventure, Drama",1320774,"2019-04-26","Anthony Russo,Joe Russo"
tt4561226,8,2023-10-16,"The Hobbit: The Battle of Five Armies - New Zealand: Home of Middle-Earth - Part 3","The Hobbit: The Battle of Five Armies - New Zealand: Home of Middle-Earth - Part 3",https://www.imdb.com/title/tt4561226,Video,7.6,7,2015,"Documentary, Short",39159,"2015-03-24","Michael Pellerin"
tt2310332,8,2023-10-16,"The Hobbit: The Battle of the Five Armies","The Hobbit: The Battle of the Five Armies",https://www.imdb.com/title/tt2310332,Movie,7.4,144,2014,"Adventure, Fantasy",588246,"2014-12-17","Peter Jackson"
tt1170358,8,2023-10-16,"The Hobbit: The Desolation of Smaug","The Hobbit: The Desolation of Smaug",https://www.imdb.com/title/tt1170358,Movie,7.8,161,2013,"Fantasy, Adventure",722643,"2013-12-13","Peter Jackson"
tt0903624,8,2023-10-16,"The Hobbit: An Unexpected Journey","The Hobbit: An Unexpected Journey",https://www.imdb.com/title/tt0903624,Movie,7.8,169,2012,"Fantasy, Adventure",892505,"2012-12-14","Peter Jackson"
tt0120737,9,2023-10-16,"The Lord of the Rings: The Fellowship of the Ring","The Lord of the Rings: The Fellowship of the Ring",https://www.imdb.com/title/tt0120737,Movie,8.9,178,2001,"Drama, Adventure, Fantasy",2069760,"2001-12-19","Peter Jackson"
tt0167261,9,2023-10-16,"The Lord of the Rings: The Two Towers","The Lord of the Rings: The Two Towers",https://www.imdb.com/title/tt0167261,Movie,8.8,179,2002,"Drama, Adventure, Fantasy",1839833,"2002-12-18","Peter Jackson"
tt0167260,9,2023-10-16,"The Lord of the Rings: The Return of the King","The Lord of the Rings: The Return of the King",https://www.imdb.com/title/tt0167260,Movie,9.0,201,2003,"Drama, Adventure, Fantasy",2040196,"2003-12-17","Peter Jackson"
tt1396484,8,2023-10-16,"It","It",https://www.imdb.com/title/tt1396484,Movie,7.3,135,2017,"Horror",631394,"2017-09-08","Andy Muschietti"
tt6644200,7,2023-10-16,"A Quiet Place","A Quiet Place",https://www.imdb.com/title/tt6644200,Movie,7.5,90,2018,"Drama, Horror, Sci-Fi",616305,"2018-04-06","John Krasinski"
tt4972582,8,2023-10-16,"Split","Split",https://www.imdb.com/title/tt4972582,Movie,7.3,117,2016,"Thriller, Horror",578288,"2017-01-20","M. Night Shyamalan"
tt2737304,7,2023-10-16,"Bird Box","Bird Box",https://www.imdb.com/title/tt2737304,Movie,6.6,124,2018,"Horror, Mystery, Sci-Fi",399507,"2018-12-21","Susanne Bier"
tt8228288,7,2023-10-16,"The Platform","El hoyo",https://www.imdb.com/title/tt8228288,Movie,7.0,94,2019,"Thriller, Sci-Fi, Horror, Mystery",298449,"2020-03-20","Galder Gaztelu-Urrutia"
tt1825683,7,2023-10-16,"Black Panther","Black Panther",https://www.imdb.com/title/tt1825683,Movie,7.3,134,2018,"Action, Adventure, Sci-Fi",859036,"2018-02-16","Ryan Coogler"
tt4154756,8,2023-10-16,"Avengers: Infinity War","Avengers: Infinity War",https://www.imdb.com/title/tt4154756,Movie,8.4,149,2018,"Action, Sci-Fi, Adventure",1254808,"2018-04-27","Anthony Russo,Joe Russo"
tt1843866,7,2023-10-16,"Captain America: The Winter Soldier","Captain America: The Winter Soldier",https://www.imdb.com/title/tt1843866,Movie,7.7,136,2014,"Action, Adventure, Sci-Fi, Thriller",919107,"2014-04-04","Anthony Russo,Joe Russo"
tt2015381,7,2023-10-16,"Guardians of the Galaxy","Guardians of the Galaxy",https://www.imdb.com/title/tt2015381,Movie,8.0,121,2014,"Sci-Fi, Action, Adventure, Comedy",1300008,"2014-08-01","James Gunn"
tt3896198,7,2023-10-16,"Guardians of the Galaxy Vol. 2","Guardians of the Galaxy Vol. 2",https://www.imdb.com/title/tt3896198,Movie,7.6,136,2017,"Action, Sci-Fi, Adventure, Comedy",780682,"2017-05-05","James Gunn"
tt1211837,7,2023-10-16,"Doctor Strange","Doctor Strange",https://www.imdb.com/title/tt1211837,Movie,7.5,115,2016,"Fantasy, Adventure, Action, Sci-Fi",828866,"2016-11-04","Scott Derrickson"
tt3498820,7,2023-10-16,"Captain America: Civil War","Captain America: Civil War",https://www.imdb.com/title/tt3498820,Movie,7.8,147,2016,"Action, Sci-Fi",873703,"2016-05-06","Anthony Russo,Joe Russo"
tt0848228,8,2023-10-16,"The Avengers","The Avengers",https://www.imdb.com/title/tt0848228,Movie,8.0,143,2012,"Action, Sci-Fi",1488680,"2012-05-04","Joss Whedon"
tt3315342,8,2023-10-16,"Logan","Logan",https://www.imdb.com/title/tt3315342,Movie,8.1,137,2017,"Action, Sci-Fi, Drama, Thriller",872721,"2017-03-03","James Mangold"
tt1431045,8,2023-10-16,"Deadpool","Deadpool",https://www.imdb.com/title/tt1431045,Movie,8.0,108,2016,"Action, Comedy",1183004,"2016-02-12","Tim Miller"
tt1392190,8,2023-10-16,"Mad Max: Fury Road","Mad Max: Fury Road",https://www.imdb.com/title/tt1392190,Movie,8.1,120,2015,"Action, Adventure, Thriller, Sci-Fi",1144141,"2015-05-15","George Miller"
tt1663202,9,2023-10-16,"The Revenant","The Revenant",https://www.imdb.com/title/tt1663202,Movie,8.0,156,2015,"Adventure, Drama, Western, Action",896724,"2016-01-08","Alejandro G. Iñárritu"
tt5013056,9,2023-10-16,"Dunkirk","Dunkirk",https://www.imdb.com/title/tt5013056,Movie,7.8,106,2017,"War, Drama, Action, History, Thriller",760197,"2017-07-21","Christopher Nolan"
tt8579674,10,2023-10-16,"1917","1917",https://www.imdb.com/title/tt8579674,Movie,8.2,119,2019,"War, Drama, Action",708259,"2020-01-10","Sam Mendes"
tt1130884,9,2023-10-15,"Shutter Island","Shutter Island",https://www.imdb.com/title/tt1130884,Movie,8.2,138,2010,"Thriller, Mystery, Drama",1513041,"2010-02-19","Martin Scorsese"
tt6751668,9,2023-10-15,"Parasite","Gisaengchung",https://www.imdb.com/title/tt6751668,Movie,8.5,132,2019,"Drama, Thriller",1018490,"2019-11-08","Bong Joon Ho"
tt0109830,8,2023-10-15,"Forrest Gump","Forrest Gump",https://www.imdb.com/title/tt0109830,Movie,8.8,142,1994,"Romance, Drama",2332948,"1994-07-06","Robert Zemeckis"
tt0137523,8,2023-10-15,"Fight Club","Fight Club",https://www.imdb.com/title/tt0137523,Movie,8.8,139,1999,"Drama",2410007,"1999-10-15","David Fincher"
tt7286456,8,2023-10-15,"Joker","Joker",https://www.imdb.com/title/tt7286456,Movie,8.4,122,2019,"Crime, Drama, Thriller",1570657,"2019-10-04","Todd Phillips"
tt0903747,9,2023-10-15,"Breaking Bad","Breaking Bad",https://www.imdb.com/title/tt0903747,TV Series,9.5,45,2008,"Drama, Crime, Thriller",2253964,"2008-01-20",
tt1375666,9,2023-10-15,"Inception","Inception",https://www.imdb.com/title/tt1375666,Movie,8.8,148,2010,"Sci-Fi, Thriller, Action, Adventure",2628758,"2010-07-16","Christopher Nolan"
tt0468569,9,2023-10-15,"The Dark Knight","The Dark Knight",https://www.imdb.com/title/tt0468569,Movie,9.0,152,2008,"Drama, Crime, Thriller, Action",2961888,"2008-07-18","Christopher Nolan"
tt0816692,10,2023-10-15,"Interstellar","Interstellar",https://www.imdb.com/title/tt0816692,Movie,8.7,169,2014,"Sci-Fi, Adventure, Drama",2233012,"2014-11-07","Christopher Nolan"
tt7888964,8,2023-10-15,"Nobody","Nobody",https://www.imdb.com/title/tt7888964,Movie,7.4,92,2021,"Action, Crime, Thriller, Drama",339877,"2021-03-26","Ilya Naishuller"
tt10872600,8,2023-10-15,"Spider-Man: No Way Home","Spider-Man: No Way Home",https://www.imdb.com/title/tt10872600,Movie,8.2,148,2021,"Action, Adventure, Sci-Fi, Fantasy",923356,"2021-12-17","Jon Watts"
tt0119528,7,2023-10-15,"Liar Liar","Liar Liar",https://www.imdb.com/title/tt0119528,Movie,6.9,86,1997,"Fantasy, Comedy",342165,"1997-03-21","Tom Shadyac"
tt2699128,9,2023-10-15,"The Leftovers","The Leftovers",https://www.imdb.com/title/tt2699128,TV Series,8.3,60,2014,"Drama, Fantasy, Mystery, Thriller",117919,"2014-06-29",
tt3581920,9,2023-10-15,"The Last of Us","The Last of Us",https://www.imdb.com/title/tt3581920,TV Series,8.7,50,2023,"Adventure, Horror, Drama, Thriller, Sci-Fi, Action",588569,"2023-01-15",
tt2267998,9,2023-10-15,"Gone Girl","Gone Girl",https://www.imdb.com/title/tt2267998,Movie,8.1,149,2014,"Thriller, Drama, Mystery",1100192,"2014-10-03","David Fincher"
tt4643084,8,2023-10-15,"Counterpart","Counterpart",https://www.imdb.com/title/tt4643084,TV Series,8.0,60,2017,"Drama, Sci-Fi, Thriller",32182,"2017-12-10",
tt11138512,7,2023-10-15,"The Northman","The Northman",https://www.imdb.com/title/tt11138512,Movie,7.0,137,2022,"Drama, Adventure, Thriller, Action, History, Fantasy",267013,"2022-04-22","Robert Eggers"
tt10795658,8,2023-10-15,"Alice in Borderland","Imawa no Kuni no Arisu",https://www.imdb.com/title/tt10795658,TV Series,7.7,50,2020,"Drama, Sci-Fi, Thriller, Mystery, Horror",104319,"2020-12-10",
tt8291284,6,2023-10-15,"The Peripheral","The Peripheral",https://www.imdb.com/title/tt8291284,TV Series,7.6,60,2022,"Drama, Sci-Fi, Thriller, Mystery",85024,"2022-10-21",
tt0364569,7,2023-10-15,"Oldboy","Oldeuboi",https://www.imdb.com/title/tt0364569,Movie,8.3,120,2003,"Mystery, Thriller, Action, Drama",661555,"2003-11-21","Park Chan-wook"
tt9319668,9,2023-10-15,"1899","1899",https://www.imdb.com/title/tt9319668,TV Series,7.3,60,2022,"Drama, Mystery, Horror, Sci-Fi",113574,"2022-11-17",
tt6710474,9,2023-10-15,"Everything Everywhere All at Once","Everything Everywhere All at Once",https://www.imdb.com/title/tt6710474,Movie,7.8,139,2022,"Sci-Fi, Adventure, Comedy, Fantasy, Action",562616,"2022-04-08","Daniel Kwan,Daniel Scheinert"
tt13207736,8,2023-10-15,"Monsters","Monsters",https://www.imdb.com/title/tt13207736,TV Series,7.8,60,2022,"Crime, Drama, Biography, Thriller, Horror",186792,"2022-09-21",
tt0253474,9,2023-10-15,"The Pianist","The Pianist",https://www.imdb.com/title/tt0253474,Movie,8.5,150,2002,"Biography, Music, Drama, War",946296,"2003-03-28","Roman Polanski"
tt13365348,8,2023-10-15,"Archive 81","Archive 81",https://www.imdb.com/title/tt13365348,TV Series,7.3,60,2022,"Horror, Drama, Sci-Fi, Mystery, Thriller",62640,"2022-01-14",
tt1160419,9,2023-10-15,"Dune: Part One","Dune: Part One",https://www.imdb.com/title/tt1160419,Movie,8.0,155,2021,"Sci-Fi, Adventure, Drama, Action",923133,"2021-10-22","Denis Villeneuve"
tt8420184,8,2023-10-15,"The Last Dance","The Last Dance",https://www.imdb.com/title/tt8420184,TV Mini Series,9.0,50,2020,"Documentary, Biography, History, Sport",161684,"2020-04-19",
tt2401256,9,2023-10-15,"The Night Of","The Night Of",https://www.imdb.com/title/tt2401256,TV Mini Series,8.4,66,2016,"Crime, Drama, Mystery",178737,"2016-06-24",
tt10147644,8,2023-10-15,"The Innocent","El inocente",https://www.imdb.com/title/tt10147644,TV Mini Series,7.8,58,2021,"Crime, Drama, Thriller, Mystery",39327,"2021-04-30",
tt2531336,7,2023-10-15,"Lupin","Lupin",https://www.imdb.com/title/tt2531336,TV Series,7.5,45,2021,"Crime, Drama, Mystery, Action",145437,"2021-01-08",
tt0309698,7,2023-10-15,"Identity","Identity",https://www.imdb.com/title/tt0309698,Movie,7.3,90,2003,"Thriller, Mystery",275016,"2003-04-25","James Mangold"
tt0947798,8,2023-10-15,"Black Swan","Black Swan",https://www.imdb.com/title/tt0947798,Movie,8.0,108,2010,"Drama, Thriller",845588,"2010-12-17","Darren Aronofsky"
tt0386676,9,2023-10-15,"The Office","The Office",https://www.imdb.com/title/tt0386676,TV Series,9.0,22,2005,"Comedy",752447,"2005-03-24",
tt1285016,8,2023-10-15,"The Social Network","The Social Network",https://www.imdb.com/title/tt1285016,Movie,7.8,120,2010,"Drama, Biography",777333,"2010-10-01","David Fincher"
tt0075314,9,2023-10-15,"Taxi Driver","Taxi Driver",https://www.imdb.com/title/tt0075314,Movie,8.2,114,1976,"Crime, Drama",957040,"1976-02-09","Martin Scorsese"
tt8946378,7,2023-10-15,"Knives Out","Knives Out",https://www.imdb.com/title/tt8946378,Movie,7.9,130,2019,"Crime, Mystery, Thriller, Drama, Comedy",799903,"2019-11-27","Rian Johnson"
tt1190634,9,2023-10-15,"The Boys","The Boys",https://www.imdb.com/title/tt1190634,TV Series,8.7,60,2019,"Action, Sci-Fi, Crime, Drama, Comedy",744139,"2019-07-26",
tt7775622,8,2023-10-15,"Free Solo","Free Solo",https://www.imdb.com/title/tt7775622,Movie,8.1,100,2018,"Documentary, Sport, Adventure",80197,"2018-12-13","Jimmy Chin,Elizabeth Chai Vasarhelyi"
tt2106476,7,2023-10-15,"The Hunt","Jagten",https://www.imdb.com/title/tt2106476,Movie,8.3,115,2012,"Drama",378945,"2012-11-14","Thomas Vinterberg"
tt7366338,9,2023-10-15,"Chernobyl","Chernobyl",https://www.imdb.com/title/tt7366338,TV Mini Series,9.3,60,2019,"Drama, History, Thriller",915685,"2019-05-06",
tt5052448,9,2023-10-15,"Get Out","Get Out",https://www.imdb.com/title/tt5052448,Movie,7.8,104,2017,"Horror, Mystery, Thriller",740518,"2017-02-24","Jordan Peele"
tt0443706,8,2023-10-15,"Zodiac","Zodiac",https://www.imdb.com/title/tt0443706,Movie,7.7,157,2007,"Drama, Thriller, Crime, Mystery",621559,"2007-03-02","David Fincher"
tt3032476,8,2023-10-15,"Better Call Saul","Better Call Saul",https://www.imdb.com/title/tt3032476,TV Series,9.0,45,2015,"Crime, Drama",698637,"2015-02-08",
tt2861424,9,2023-10-15,"Rick and Morty","Rick and Morty",https://www.imdb.com/title/tt2861424,TV Series,9.1,23,2013,"Animation, Adventure, Comedy, Sci-Fi",631917,"2013-12-02",
tt3659388,9,2022-12-02,"The Martian","The Martian",https://www.imdb.com/title/tt3659388,Movie,8.0,144,2015,"Sci-Fi, Adventure, Drama",952705,"2015-10-02","Ridley Scott"
tt10665342,1,2022-10-13,"Halloween Ends","Halloween Ends",https://www.imdb.com/title/tt10665342,Movie,5.0,111,2022,"Horror, Thriller, Drama, Mystery, Romance",76756,"2022-10-14","David Gordon Green"
tt8805244,10,2019-07-28,"When They See Us: Part Four","When They See Us: Part Four",https://www.imdb.com/title/tt8805244,TV Episode,9.5,88,2019,"Drama, Biography, History, Crime",7222,"2019-05-31","Ava DuVernay"
